TARGET_deathRate,PctPublicCoverageAlone,incidenceRate,PctHS25_Over,povertyPercent,PctPublicCoverage,PctUnemployed16_Over,PctPrivateCoverageAlone,PctPrivateCoverage,medIncome,PctEmployed16_Over,PctBachDeg25_Over
161.3,15.3,411.6,26.0,18.6,31.1,7.8,53.8,70.2,48127,55.9,22.7
194.8,25.0,430.4,31.6,17.1,45.3,12.1,40.3,58.4,44243,48.3,9.3
144.4,22.7,350.1,33.4,12.5,44.0,4.8,43.9,61.6,49955,48.2,15.0
183.6,24.1,404.0,31.6,17.8,50.9,8.9,33.1,55.8,40189,40.9,11.3
171.0,21.4,440.7,25.7,16.3,36.5,8.4,50.6,65.2,50083,55.1,18.1
169.9,13.7,495.9,22.7,11.9,30.7,8.5,55.4,74.5,61653,56.5,20.3
153.8,20.4,463.2,33.1,13.9,49.7,10.6,38.6,64.7,51022,35.7,10.1
189.7,26.4,445.2,47.1,21.5,44.8,9.0,40.1,55.6,35615,46.5,7.9
185.6,25.4,234.0,44.3,17.4,45.2,6.5,37.7,55.2,41838,41.0,8.8
128.0,21.2,356.3,50.2,17.0,42.4,6.7,48.0,65.1,41039,51.3,7.0
195.1,22.1,494.9,44.0,21.1,43.0,7.2,43.3,61.9,36996,48.2,11.2
206.7,21.3,506.6,39.5,13.9,39.5,7.4,47.3,64.0,42121,53.0,13.5
194.2,21.3,475.8,41.1,16.7,40.6,6.8,48.8,66.9,41121,46.8,11.7
178.2,14.6,423.7,32.1,10.2,29.2,8.4,58.6,73.3,66950,60.3,18.2
226.9,31.6,513.2,43.4,24.4,52.6,10.1,34.3,51.7,34295,42.2,5.7
198.4,23.3,456.6,50.2,16.1,39.4,8.8,45.1,58.6,40012,47.0,8.5
155.9,12.4,444.5,29.9,22.5,23.3,5.8,63.8,76.5,43835,55.4,20.6
190.7,23.7,434.6,49.4,19.3,45.2,7.3,40.4,60.5,36351,48.0,8.7
176.8,23.0,384.8,47.4,17.6,44.9,5.7,40.0,60.0,34341,50.7,10.0
169.8,21.1,435.3,46.4,17.6,39.3,7.0,46.8,63.5,41420,49.5,9.0
171.5,15.8,497.2,37.8,10.0,31.2,3.7,59.4,73.6,59472,57.7,14.8
160.1,15.7,482.4,38.5,10.7,33.9,5.1,56.9,73.4,52485,61.8,13.5
192.8,20.6,354.7,33.2,13.9,37.9,7.0,51.4,66.5,46475,59.9,15.4
187.4,14.8,400.6,42.3,12.1,35.3,3.1,55.9,75.6,43883,62.2,10.0
164.7,11.6,389.2,32.6,10.6,28.9,2.0,58.2,77.4,51335,65.5,19.0
143.2,10.0,453.5494221,26.8,10.8,18.5,5.5,63.9,73.0,72648,67.0,12.3
262.1,16.5,453.5494221,43.2,14.0,37.1,11.9,38.8,56.5,47180,46.0,12.6
178.7,2.6,453.5494221,35.8,9.8,18.6,4.7,63.3,76.4,70535,64.0,14.2
127.4,15.5,453.5494221,32.1,15.1,31.5,11.8,51.8,64.1,45629,41.0,15.9
254.3,21.6,453.5494221,31.2,19.0,43.2,15.4,39.6,58.1,40714,48.1,6.8
168.8,13.4,481.8,31.4,10.7,36.4,5.8,47.9,70.0,57556,56.6,20.0
162.8,12.7,489.4,33.8,11.8,28.7,6.1,60.3,75.0,56008,62.2,19.4
163.2,12.7,482.2,27.2,8.7,25.2,5.9,64.4,76.7,71233,66.1,23.0
173.1,13.1,507.6,28.4,9.5,28.3,5.2,61.5,76.3,62429,62.9,21.5
179.5,17.7,505.5,32.9,15.1,33.4,12.5,49.9,66.9,54208,58.0,17.0
147.3,11.8,468.1,24.3,7.6,23.3,6.5,64.3,75.5,84309,61.4,29.5
171.6,10.6,531.8,29.5,7.2,25.7,8.5,65.2,81.4,80479,61.0,23.3
193.1,16.8,559.1,34.1,13.0,38.2,10.0,50.9,72.1,55409,53.0,19.5
193.5,12.8,544.2,34.3,8.2,26.2,9.2,64.6,78.0,78983,61.3,19.9
160.3,14.5,504.7,25.6,11.8,27.4,9.4,60.6,73.1,73750,59.5,20.7
156.7,12.1,466.7,26.3,8.3,23.0,7.5,64.2,74.6,77330,60.4,24.5
168.6,10.7,529.6,25.6,8.2,24.2,7.9,64.2,78.8,87220,60.8,26.1
175.1,12.4,485.9,34.0,8.3,26.3,9.0,62.9,76.9,71294,61.3,19.7
170.8,21.3,391.3,34.0,14.1,34.9,5.8,49.5,62.3,57007,60.1,10.7
166.3,35.0,357.0,31.0,24.5,51.9,12.2,27.4,42.7,34304,50.0,9.3
135.2,29.3,339.0,25.4,19.2,50.3,10.7,32.0,47.3,36125,52.8,16.9
176.1,14.2,505.9,26.5,13.5,30.1,6.4,62.2,77.7,60371,60.7,20.1
180.3,20.8,512.4,39.2,16.7,40.7,7.1,48.8,66.0,46387,53.6,9.5
191.0,14.3,456.9,37.0,11.5,30.2,8.1,51.9,67.4,60121,58.3,13.0
153.3,8.7,396.2,21.8,24.8,19.9,5.6,70.1,82.4,43484,55.0,23.2
194.3,15.2,526.7,33.6,13.4,36.0,5.7,49.5,69.1,48076,54.4,14.4
201.4,8.7,454.3,33.0,6.2,21.7,6.1,69.0,83.8,72406,62.8,16.7
227.1,20.6,527.2,34.2,21.5,41.3,9.5,36.9,56.8,36822,48.1,14.0
177.3,15.7,503.5,34.7,10.7,33.9,7.9,51.4,69.9,59282,53.8,15.2
159.2,15.6,338.0,36.3,13.0,35.0,4.1,48.9,69.3,48497,51.9,13.8
172.5,9.4,449.4,31.7,9.2,21.9,6.2,62.8,78.3,75714,63.3,17.9
208.1,23.6,376.4,35.8,19.2,41.7,8.0,43.4,59.0,38292,46.2,8.5
202.5,11.7,428.2,36.6,11.3,25.6,7.2,59.9,75.2,60714,60.8,13.9
223.4,22.9,367.3,32.4,21.9,42.3,11.0,43.7,59.7,38528,41.3,9.0
159.3,12.5,493.6,35.2,11.5,32.2,8.3,53.4,74.6,52355,54.9,13.7
186.6,13.3,511.5,29.8,10.2,27.2,4.8,59.3,75.1,54195,59.7,17.1
199.3,15.1,472.0,28.3,13.6,28.9,8.0,56.7,73.4,60735,59.3,16.4
162.1,8.9,1014.2,15.5,20.1,22.0,8.5,67.6,83.3,46954,44.5,27.1
188.3,21.2,371.3,30.5,16.3,43.3,9.6,43.5,64.1,44055,52.4,12.9
194.4,26.2,476.2,27.5,15.5,50.6,10.4,38.5,60.7,45465,46.2,16.3
157.4,26.0,449.9,27.7,15.5,40.7,6.5,41.1,55.3,51151,59.7,12.8
170.7,20.2,414.6,37.8,19.9,40.2,11.7,46.0,65.2,38989,46.3,11.8
149.1,11.3,345.3,27.9,10.0,28.0,6.5,63.1,80.6,60650,59.1,19.1
180.1,14.2,446.7,31.8,28.3,27.1,11.3,58.7,72.6,42431,55.9,15.5
113.5,20.6,337.6,32.6,12.7,50.8,7.0,37.7,66.2,40411,44.8,13.5
154.4,13.4,438.7,29.6,11.9,31.9,8.5,58.6,76.5,51629,55.6,19.4
194.7,19.0,457.0,36.6,13.2,39.2,8.2,49.8,68.4,44693,54.6,13.5
181.4,15.4,522.0,34.7,13.8,31.6,6.1,59.5,75.3,48357,59.6,13.4
164.5,17.4,463.7,34.5,12.0,39.4,7.9,49.9,70.8,50182,53.7,13.4
181.6,16.6,520.5,37.2,12.0,34.7,6.7,55.4,73.2,52410,61.0,12.0
161.4,21.7,440.0,29.8,18.1,44.4,7.3,35.2,55.4,37884,47.3,14.9
158.6,15.4,451.0,19.1,15.2,24.6,8.9,58.5,67.9,59049,65.3,28.4
189.9,27.2,452.7,35.9,25.8,48.4,15.9,34.1,50.3,32063,41.3,7.2
157.3,10.1,436.7,15.6,14.1,20.2,6.4,67.6,79.3,60304,61.6,25.4
198.1,22.3,477.8,35.5,18.7,39.3,11.9,45.4,60.0,45841,53.0,11.3
156.1,17.1,423.9,27.2,14.7,41.3,8.8,45.1,68.0,45464,48.0,18.6
189.8,23.1,508.1,32.8,18.0,38.8,11.5,44.6,59.1,44973,51.2,12.3
189.6,32.2,487.8,34.0,28.9,48.3,15.5,33.6,47.7,32782,39.3,10.1
222.3,23.0,431.0,37.1,28.3,46.5,14.1,31.8,50.1,32773,38.0,3.9
198.5,28.7,490.4,37.6,27.0,47.3,12.2,31.6,50.1,33609,49.6,8.2
199.1,23.2,452.4,33.0,23.9,39.4,10.1,42.1,56.4,39268,54.0,12.6
179.7,21.8,449.1,34.3,17.2,39.4,8.3,43.0,60.3,40801,51.4,8.4
169.9,30.8,462.9,32.5,29.9,42.4,6.1,38.1,47.6,39342,52.3,10.8
227.6,14.2,532.1,28.7,10.7,32.7,1.9,58.2,75.6,47596,63.5,18.1
147.3,11.6,385.4,38.2,16.1,35.5,3.4,52.9,77.1,39679,59.8,13.7
160.3,9.9,481.5,37.1,11.1,34.7,1.1,56.0,81.2,50038,57.4,12.2
108.8,11.5,360.6,39.3,11.9,34.5,2.2,58.3,82.8,44696,59.1,10.9
153.1,11.1,515.6,33.8,10.1,31.7,1.6,55.9,78.0,56616,58.6,15.0
181.4,8.8,447.0,36.4,8.4,29.4,2.0,63.9,83.6,56270,64.5,14.6
172.5,11.5,471.0,35.5,11.6,27.7,2.5,60.3,77.7,53333,64.6,19.3
201.7,29.8,468.1,42.5,20.4,47.3,8.3,37.9,52.0,36409,54.3,8.3
195.3,24.0,439.8,38.7,16.6,38.5,7.9,44.9,57.4,43466,52.5,10.1
230.9,27.5,433.4,45.8,22.3,42.9,8.6,42.3,54.2,38597,52.0,9.1
186.9,32.7,455.6,40.4,27.3,52.5,17.7,30.1,44.0,33028,45.2,7.5
190.6,26.0,455.8,35.5,24.0,40.6,14.3,42.2,54.0,36801,48.7,13.6
175.0,25.6,394.1,43.0,22.6,48.6,7.6,37.1,55.7,33347,44.9,7.3
196.4,23.6,464.4,32.2,18.7,44.6,9.2,37.6,56.3,40621,50.2,13.2
176.9,23.8,395.3,41.1,19.7,39.6,6.2,44.4,57.9,34923,51.1,11.5
205.5,22.6,392.5,40.6,18.2,42.0,8.8,41.7,58.8,37691,47.3,7.1
212.3,23.9,423.4,39.3,20.8,39.9,9.6,41.2,55.4,40877,53.9,10.0
229.9,33.5,515.3,41.2,28.1,56.0,12.8,26.7,42.4,30682,44.9,7.7
187.2,30.9,396.4,39.0,22.0,52.7,9.0,29.0,47.1,33127,46.3,7.8
196.7,28.7,449.5,41.8,18.7,47.1,6.2,39.1,51.7,39896,50.9,7.2
212.5,27.8,425.6,39.3,18.3,47.1,5.4,36.5,51.3,37761,47.7,8.7
202.9,32.4,375.9,39.7,33.4,48.4,11.7,34.1,45.2,30489,42.4,7.1
169.0,17.1,461.3,33.9,8.7,33.8,5.3,53.4,70.0,55915,59.6,15.4
179.5,25.8,388.4,34.9,20.4,39.7,9.3,38.6,51.1,37014,56.5,4.6
178.9,26.0,424.0,42.7,22.0,48.8,11.2,32.0,50.1,32975,39.2,8.3
156.8,24.4,431.5,31.4,22.7,41.9,9.9,32.5,48.5,38221,51.8,15.6
159.7,13.2,430.2,23.7,12.0,30.3,4.9,58.3,74.1,53572,63.1,24.3
196.6,19.6,587.0,40.2,19.1,39.4,4.6,45.6,61.7,39827,51.6,10.7
182.6,29.9,509.5,38.8,23.8,38.6,6.8,32.5,39.6,37511,45.5,10.0
214.4,14.3,373.3,37.4,11.7,38.5,3.0,45.2,68.1,43859,54.7,16.4
168.9,14.4,475.8,31.2,12.3,29.1,4.1,55.3,69.7,51653,64.8,20.1
151.9,17.2,406.9,32.5,13.8,35.9,4.0,49.3,64.8,45624,57.7,13.6
128.2,15.0,419.3,32.5,15.6,38.8,3.1,43.1,68.7,38645,60.7,16.3
141.0,16.8,482.9,39.5,11.8,41.8,3.5,46.9,70.2,40436,62.7,11.8
160.8,16.7,469.4,32.5,14.7,30.2,6.0,52.7,65.7,48499,67.5,12.4
155.2,11.5,450.8,41.6,11.5,29.8,4.0,62.0,79.2,51040,65.3,14.9
136.4,10.6,440.9,32.5,9.6,27.8,3.8,60.1,78.9,56791,67.7,16.8
187.3,11.4,502.1,41.7,15.0,31.4,1.7,50.7,70.1,46051,64.1,14.1
176.2,11.5,428.6,33.0,8.2,28.5,3.5,62.5,80.2,61961,65.4,16.1
174.7,15.6,471.4,35.8,14.7,32.9,8.5,55.6,71.8,56573,54.1,15.9
194.7,22.0,469.7,42.6,17.7,42.5,8.7,42.3,59.4,36740,49.8,9.8
172.9,17.5,470.9,27.3,15.9,32.9,8.0,53.9,68.3,48380,57.7,18.2
185.9,25.8,456.8,43.6,21.7,45.0,13.9,38.6,53.6,36285,44.5,7.6
219.1,24.0,479.3,45.1,20.5,44.2,9.7,40.9,59.8,37151,48.3,8.5
222.6,17.8,527.3,42.8,17.6,37.8,8.9,49.0,66.9,42837,48.1,8.9
217.1,23.6,538.7,43.2,20.3,40.9,7.7,43.2,57.8,36255,50.8,8.4
193.0,20.8,421.9,41.9,16.5,40.0,7.6,46.3,63.6,41802,53.0,11.3
207.0,23.7,482.9,42.0,20.6,42.4,12.5,41.7,58.9,37392,44.1,8.0
215.6,21.6,455.6,41.3,20.8,40.5,11.2,43.7,61.0,40683,50.3,10.3
187.2,17.0,496.6,38.4,13.4,29.8,8.4,56.5,69.5,52640,60.2,11.8
227.4,22.1,465.4,40.2,18.7,40.4,9.0,47.6,61.9,44111,48.8,7.6
182.2,14.6,401.3,33.6,10.7,23.4,3.9,53.5,63.3,66878,64.8,8.8
169.1,20.5,387.6,36.0,16.9,32.6,6.5,46.3,57.7,52785,56.9,9.3
110.4,21.6,334.4,32.4,19.9,34.5,4.3,34.7,45.2,36821,62.6,4.6
177.3,13.7,475.2,28.2,14.2,29.3,9.5,46.0,70.2,51048,52.5,15.2
154.0,12.7,372.8,30.7,12.0,32.7,6.4,46.2,64.8,57177,52.4,19.7
151.8,11.2,424.7,20.4,26.4,19.8,6.4,62.3,72.6,41641,58.7,20.8
173.3,29.9,408.0,37.6,32.4,45.8,19.8,24.1,33.5,27875,41.8,7.7
188.4,19.3,427.7,37.9,17.5,36.9,4.3,45.1,60.3,41316,50.0,13.1
224.9,20.1,504.4,42.2,23.3,37.6,8.3,36.4,50.5,34116,45.7,9.9
177.8,27.2,473.5,40.7,28.2,47.1,13.5,34.2,49.4,35385,39.8,8.6
212.2,23.5,570.8,43.5,20.4,39.0,6.5,45.8,60.3,41651,43.6,8.9
211.4,31.2,459.2,34.6,24.1,47.8,10.4,35.5,49.0,32615,42.4,9.3
208.0,25.3,499.6,41.1,21.7,42.2,9.2,42.3,57.5,37968,52.3,9.7
198.7,19.4,467.5,39.1,17.6,33.4,7.0,50.4,63.4,47382,56.8,10.2
205.7,17.9,436.3,27.7,29.7,30.3,11.9,51.5,63.4,32889,53.3,20.8
199.7,22.5,480.9,32.9,23.6,35.6,8.0,43.6,55.1,40877,53.8,15.9
217.8,24.7,530.4,44.5,30.1,37.8,6.1,45.3,56.3,32683,49.2,9.0
227.5,22.2,524.4,42.0,26.8,40.1,6.3,40.2,56.1,36644,41.3,7.9
188.2,24.2,472.8,39.0,20.1,47.6,7.5,40.1,57.1,36066,52.3,12.1
173.7,15.7,497.7,31.6,11.2,33.1,5.9,56.4,72.2,55482,63.1,20.4
176.0,10.9,468.1,25.0,6.7,25.1,5.9,63.7,81.6,86654,64.2,22.5
185.6,25.0,465.1,40.7,16.0,41.2,8.8,45.8,61.6,49573,59.6,9.7
185.4,27.0,481.6,38.3,17.5,45.6,10.4,44.7,61.7,42279,58.2,12.1
169.9,11.9,485.5,28.1,8.0,26.9,6.4,64.7,81.9,79403,64.2,20.2
180.0,22.0,461.7,33.2,13.8,42.6,7.2,47.6,68.1,53288,53.2,16.4
120.1,11.5,392.9,14.0,7.2,23.0,6.1,64.7,77.0,97279,67.1,26.6
181.5,12.3,423.2,30.6,8.6,25.2,4.8,63.1,80.2,84686,63.4,17.6
161.9,16.2,454.6,27.9,11.7,40.1,6.7,48.2,72.1,54836,55.8,18.2
226.0,29.6,497.2,29.8,23.3,43.9,13.1,43.6,56.1,41895,53.8,15.3
113.2,12.5,339.0,32.9,12.9,28.4,5.7,57.0,73.3,49709,54.1,9.7
129.0,13.5,398.9,28.8,11.8,33.4,7.0,43.2,64.5,48456,55.7,15.5
165.8,20.4,467.3,29.2,11.0,37.3,4.8,56.2,71.3,58673,65.0,23.2
201.8,16.4,503.8,36.7,11.0,30.2,8.6,56.3,70.1,56099,57.9,12.9
172.5,19.4,390.6,34.5,17.0,38.8,6.7,45.1,62.9,38474,52.8,10.5
187.1,13.2,421.6,34.1,11.0,25.8,7.3,60.0,72.7,62394,59.0,14.9
148.4,23.0,405.5,20.7,18.7,32.9,10.0,47.4,55.0,55686,58.0,19.8
162.9,32.3,415.9,24.8,24.8,44.4,16.2,38.4,48.0,43818,49.8,8.7
167.2,20.7,420.3,23.9,14.0,44.5,15.2,40.6,62.3,47964,44.7,13.3
168.0,26.1,423.1,26.2,20.4,35.7,12.6,46.6,54.4,51951,52.3,12.3
187.9,19.0,426.3,34.7,17.2,35.3,7.3,47.9,62.6,39922,49.7,9.1
164.9,27.7,433.4,28.3,18.1,39.8,15.2,44.9,54.7,50917,52.3,11.0
217.4,32.8,503.7,34.6,35.2,50.4,16.4,33.8,48.1,26602,43.5,8.2
124.1,11.8,409.9,12.7,13.3,21.8,6.1,67.7,78.3,71546,65.5,31.8
140.8,20.2,392.2,26.7,12.4,40.7,5.9,43.3,63.0,48840,51.9,21.3
110.7,37.2,389.1,39.1,40.5,52.9,27.0,33.8,44.7,32570,32.7,7.8
163.7,21.1,439.2,17.7,15.9,31.1,6.3,52.9,62.1,54872,66.3,27.3
129.8,11.0,400.2,24.4,7.9,22.6,4.9,63.6,73.0,64752,68.0,20.1
153.9,20.2,414.8,29.1,15.4,36.5,8.7,48.7,63.2,50106,57.8,17.7
151.4,24.0,382.1,31.6,15.5,42.8,10.2,37.2,54.1,46336,51.6,15.3
150.9,32.3,400.0,28.9,26.0,50.6,10.7,34.1,46.5,33043,49.7,10.7
136.0,18.8,414.3,29.1,11.5,38.0,5.3,48.0,64.4,47006,57.8,14.8
153.9,19.0,413.9,27.1,12.0,40.1,6.7,55.2,73.6,53953,62.6,18.8
167.7,21.8,422.1,33.7,13.0,45.7,9.7,41.6,64.6,45743,49.3,15.8
182.3,18.7,448.2,35.6,16.8,39.7,9.7,50.3,69.8,46061,53.0,12.5
164.0,14.3,446.1,36.5,10.6,30.3,5.5,61.6,77.2,56365,65.9,15.6
174.0,21.4,434.3,42.2,13.1,42.7,7.1,46.2,66.0,45158,53.0,9.0
165.9,23.3,448.8,42.4,15.9,43.4,8.2,46.1,63.2,40968,54.3,10.3
228.8,33.0,478.4,43.8,29.1,45.2,14.8,24.5,33.9,36774,43.8,10.0
184.3,17.3,483.9,43.7,10.5,32.8,5.5,58.7,73.1,52776,62.3,10.4
155.1,12.9,414.5,33.7,15.4,28.2,7.2,63.2,78.7,52075,62.8,19.6
168.7,18.9,420.9,41.0,13.5,38.6,4.8,50.9,68.9,44026,58.8,10.7
153.0,11.0,467.5,30.0,5.9,25.2,4.5,68.2,82.8,69346,68.5,20.9
189.4,16.7,472.2,43.7,10.4,33.4,5.7,57.6,73.5,52850,60.7,12.6
172.9,15.1,483.9,34.0,12.1,29.3,4.7,62.2,76.3,52711,62.7,18.8
163.0,16.5,484.2,30.8,10.9,40.7,3.3,41.6,65.1,44427,59.2,13.1
152.0,13.1,411.3,28.5,10.8,30.5,3.8,54.9,71.4,55354,64.5,17.5
168.7,12.7,458.1,27.2,9.9,29.3,3.4,56.9,73.9,54716,60.2,19.3
216.1,28.4,464.5,39.1,29.8,47.3,12.9,29.4,46.4,28271,42.2,9.7
211.9,22.2,527.4,35.4,22.3,39.2,10.8,40.8,56.4,38471,47.2,8.5
174.3,22.9,501.0,33.8,20.1,39.3,10.9,44.9,58.5,36810,49.6,9.9
194.5,28.3,473.8,32.1,24.7,48.1,8.5,38.8,53.7,31963,43.8,10.6
211.0,24.9,535.9,34.4,26.9,40.5,13.1,37.7,48.5,32049,50.4,7.7
214.5,23.5,549.9,34.5,22.1,39.9,11.2,43.5,55.6,34073,45.4,12.1
172.5,21.8,382.1,39.5,19.1,40.1,6.5,45.3,63.9,37581,53.2,12.1
152.7,19.7,399.4,36.0,17.5,41.9,9.1,40.0,59.6,44410,47.5,13.6
179.1,23.1,435.4,41.9,21.7,39.6,13.2,37.5,50.8,34987,45.5,9.8
180.0,16.5,475.2,34.3,11.8,28.6,7.2,59.6,71.6,51978,60.3,11.7
129.1,10.7,453.5494221,35.5,9.7,33.5,3.9,56.8,79.1,49852,63.0,11.7
143.8,15.3,453.5494221,36.4,11.9,33.4,5.0,56.5,74.9,47723,58.4,14.7
150.8,12.2,453.5494221,44.8,11.1,32.6,3.0,57.4,77.7,47901,62.1,11.8
165.4,15.2,453.5494221,32.5,11.1,30.1,5.8,56.8,70.9,55378,57.1,10.6
109.9,17.3,453.5494221,34.6,13.5,32.9,1.7,57.9,72.8,44846,57.0,15.2
182.5,15.2,453.5494221,28.0,13.9,32.8,1.9,53.2,72.8,47351,51.6,12.7
171.1,15.5,453.5494221,35.3,11.4,33.4,4.3,55.3,75.8,45856,63.1,15.5
114.3,13.6,453.5494221,33.0,12.1,33.5,5.6,55.1,75.2,43083,59.7,12.8
151.9,16.0,453.5494221,32.8,13.3,39.3,6.9,48.4,70.5,45443,60.7,13.1
160.5,6.3,453.5494221,33.4,8.3,24.7,5.8,67.1,84.1,56032,67.5,15.7
150.3,9.3,453.5494221,38.9,9.6,25.7,6.2,63.5,80.9,59160,60.9,16.1
200.2,23.8,469.7,36.3,26.3,40.9,7.7,43.0,56.1,31558,49.8,9.3
223.0,39.6,493.5,35.6,33.5,57.6,11.6,26.6,39.7,24868,35.4,5.0
176.5,18.3,490.8,36.7,19.2,35.3,9.9,49.9,65.3,42812,56.2,10.9
198.6,14.9,518.7,31.0,13.2,28.3,6.8,56.4,72.4,52349,62.4,18.2
232.1,26.0,541.3,41.4,23.9,41.7,11.1,42.0,54.3,34991,45.5,7.9
254.3,28.9,501.8,37.4,30.6,44.4,9.0,38.2,48.3,29344,46.6,5.1
183.6,19.3,469.2,32.7,21.6,32.7,12.7,50.0,64.8,36736,43.5,10.4
150.7,16.3,389.5,27.0,10.5,27.3,6.6,58.6,69.9,61501,63.1,17.8
169.0,20.6,500.1,30.2,13.0,34.3,9.5,56.4,69.1,60387,59.9,18.4
190.7,20.5,527.2,33.5,14.1,38.7,8.4,49.6,69.2,54271,56.5,14.1
168.7,23.1,493.3,35.3,13.9,45.4,8.0,43.1,64.7,53316,52.9,13.5
157.6,19.1,438.3,27.6,14.5,29.4,10.0,49.6,58.4,51485,59.8,19.8
174.7,25.9,381.9,37.5,22.3,43.5,10.0,33.5,49.0,35256,40.1,8.2
149.8,20.1,412.7,34.9,11.9,51.0,10.8,32.6,61.1,43242,38.8,13.1
209.2,22.5,383.8,38.8,19.8,40.2,10.4,37.2,50.2,40788,44.8,7.7
188.4,28.4,336.8,37.4,31.7,47.8,15.8,35.3,49.7,31734,33.1,7.2
167.3,20.6,430.4,30.3,14.7,45.1,12.2,35.6,59.5,47548,44.2,16.4
203.3,29.2,440.9,37.0,25.9,46.5,11.8,30.0,43.9,37065,42.0,7.0
149.9,11.9,441.8,21.2,8.2,27.5,6.7,60.0,75.5,66560,56.8,27.6
160.8,15.0,427.8,24.1,11.8,26.3,9.4,57.1,67.8,56443,59.4,23.6
198.5,20.6,425.5,39.2,23.4,41.6,9.0,42.2,60.6,36374,37.8,5.4
169.8,11.6,499.8,29.3,7.7,23.7,4.5,63.1,76.5,68421,65.6,18.6
206.1,20.7,472.0,39.6,16.5,36.5,6.1,45.4,60.1,44402,55.6,12.5
169.2,12.4,458.4,26.6,12.6,24.3,4.9,61.2,74.8,58205,62.5,19.0
227.9,17.9,496.9,43.5,19.2,34.8,4.4,40.0,61.9,40774,49.8,10.1
174.7,16.4,442.7,37.0,25.2,38.6,4.4,39.7,61.4,34872,46.2,10.0
203.1,21.4,460.6,34.0,18.2,38.7,7.8,42.5,58.6,41514,55.3,13.0
177.4,14.1,449.8,27.4,23.7,26.0,6.3,58.2,70.8,41037,56.0,21.1
195.7,20.2,475.3,33.5,17.3,35.0,6.2,45.0,58.0,41423,58.3,16.7
153.2,13.2,362.3,39.7,12.3,27.9,0.8,57.8,71.2,56139,58.7,14.9
174.5,13.0,445.5,33.1,10.0,27.8,5.5,58.2,72.8,56465,60.4,16.8
166.1,24.1,398.1,35.8,23.8,43.0,7.1,38.5,53.7,35274,51.0,11.9
183.9,17.3,474.0,25.8,14.8,29.5,6.5,52.2,64.4,50507,62.9,20.7
166.7,18.8,431.3,25.6,14.6,33.2,5.1,49.4,63.2,54063,63.7,21.0
177.9,24.4,438.0,29.9,21.9,44.1,12.4,40.6,58.1,39234,48.4,12.6
168.9,22.9,470.8,27.2,17.7,38.0,10.7,46.5,61.0,48554,55.1,14.5
165.5,18.2,469.8,26.8,14.1,36.1,10.8,51.0,69.4,52626,53.4,18.1
217.2,31.0,493.1,43.6,24.8,46.4,13.4,37.2,49.6,34116,46.0,6.4
203.2,22.6,498.3,44.9,21.5,39.1,8.9,46.9,61.7,39757,50.7,8.9
200.6,23.2,471.1,36.4,18.2,40.9,10.0,47.8,64.9,42029,54.1,11.5
203.0,19.7,459.8,50.3,18.1,36.7,7.8,47.0,63.4,41547,53.6,8.5
187.1,22.5,485.0,28.3,19.6,37.3,10.6,51.7,65.3,44138,56.4,18.0
185.1,19.1,433.4,49.2,19.0,34.1,9.6,51.7,66.8,45195,54.7,7.2
190.7,24.3,463.1,38.1,18.9,40.7,9.5,49.0,63.8,41316,53.7,14.2
215.5,19.0,451.2,50.1,12.3,37.0,6.6,52.5,70.2,47358,57.1,8.4
200.6,24.7,443.4,43.9,17.8,40.4,9.5,48.5,62.5,43341,51.9,7.0
192.7,19.6,471.1,46.0,13.0,36.2,7.3,52.4,68.5,49516,58.4,8.1
154.6,9.1,425.6,42.8,7.8,24.2,3.4,69.0,85.3,56519,66.8,11.9
187.0,22.3,478.5,45.2,17.2,38.5,7.4,48.6,63.8,43160,52.5,12.1
172.1,18.0,425.0,48.7,10.1,36.5,7.5,53.4,71.4,49565,58.2,9.4
159.5,16.4,447.6,40.6,16.6,35.5,4.9,48.8,68.1,51885,45.6,14.7
150.3,21.3,457.3,33.1,15.8,48.0,9.5,39.1,64.4,39743,50.7,13.9
185.4,20.9,444.1,28.5,16.8,40.6,9.0,42.8,62.1,44010,53.3,11.7
151.2,15.3,479.9,50.8,13.6,34.9,7.3,52.6,70.9,46890,56.0,8.5
162.4,17.4,472.4,38.4,14.3,32.6,9.0,56.6,71.2,55936,59.9,15.1
142.4,8.4,442.6,31.6,17.9,21.4,5.1,69.8,83.5,51573,55.2,21.7
196.6,17.4,486.0,45.6,17.4,36.7,6.1,51.8,69.3,44224,55.0,11.3
182.5,19.4,478.6,40.0,16.4,36.7,8.0,53.8,69.6,45476,57.1,16.9
162.2,13.3,468.5,43.9,11.9,31.0,6.9,55.1,72.6,50434,58.9,12.0
193.5,17.0,501.4,47.3,16.5,36.2,6.4,54.5,71.4,49897,46.6,11.6
172.7,17.9,423.7,51.7,15.1,38.2,8.1,51.5,70.5,44531,48.6,9.1
151.6,13.4,425.1,43.9,17.0,31.1,7.8,56.3,73.2,42611,52.9,13.5
157.6,15.0,449.7,38.2,10.5,29.5,6.1,56.2,70.6,57369,62.4,16.4
178.5,17.2,521.8,41.1,16.0,34.4,7.7,55.2,71.9,45211,56.9,13.0
157.4,16.1,461.5,35.8,10.6,35.9,11.6,53.7,72.5,58375,51.9,14.7
191.9,18.5,456.5,48.2,14.3,40.6,6.9,46.4,67.2,40323,49.5,9.2
159.2,13.4,474.1,46.0,13.1,29.6,5.0,53.9,70.1,49117,60.0,10.0
159.4,16.4,455.9,49.3,13.5,37.2,6.9,52.7,72.3,45706,51.6,9.9
186.2,13.8,538.3,49.1,14.4,39.2,8.7,49.4,74.2,44191,46.2,9.8
186.3,13.3,482.5,39.3,10.7,32.5,6.5,59.5,77.7,55796,58.0,18.1
206.8,24.6,451.3,36.5,25.3,40.9,15.9,41.9,55.5,35640,48.1,11.6
182.1,18.6,435.6,31.8,17.3,31.9,7.2,48.1,61.2,46705,56.5,10.7
163.3,23.0,376.9,33.1,19.4,35.4,4.7,30.4,42.0,42966,57.2,9.4
174.1,22.5,454.8,33.4,20.1,38.1,6.4,39.4,53.2,38465,50.2,12.1
158.3,12.5,410.9,25.5,9.2,28.0,4.9,54.4,70.6,64533,56.9,22.9
197.7,17.9,432.1,37.0,19.7,36.1,4.5,33.2,52.0,38280,49.7,11.5
169.2,16.8,428.1,32.1,15.3,32.1,7.0,49.8,65.2,57378,58.8,14.7
150.1,14.8,367.0,30.4,9.5,23.0,5.2,54.9,64.5,61098,57.5,9.4
174.1,28.3,334.7,30.7,24.1,40.3,10.0,33.6,43.8,36627,54.7,9.2
151.9,19.5,374.9,37.7,23.7,38.9,7.2,39.3,55.5,35491,42.8,8.8
173.5,25.2,376.7,29.1,23.7,41.4,8.0,35.0,49.7,36898,56.1,12.9
156.3,26.9,413.3,33.5,16.4,43.3,6.6,36.1,52.1,42099,52.0,11.0
191.2,13.9,443.8,24.5,14.3,25.6,7.5,56.1,68.1,58333,59.8,19.1
189.9,20.0,441.0,28.2,18.2,32.5,5.9,46.5,57.8,50020,58.3,14.0
198.4,16.3,352.5,35.9,18.6,30.8,6.2,46.3,60.5,44795,46.1,7.7
161.4,19.8,433.8,23.3,17.3,27.5,7.5,47.6,54.7,54230,63.2,18.9
149.5,10.6,399.8,21.4,17.5,20.6,6.7,61.8,72.7,59569,62.4,25.1
158.9,18.8,422.7,31.2,13.9,34.3,5.3,45.2,60.9,51508,55.7,10.8
148.2,16.0,414.2,41.6,13.8,32.4,4.0,50.6,66.4,47041,57.6,11.9
205.4,23.3,405.0,36.2,13.5,41.5,7.5,38.1,54.8,45159,49.5,12.0
106.1,10.3,318.9,37.2,10.6,22.6,5.0,54.4,67.6,60810,62.1,14.2
187.2,17.7,307.6,34.7,14.8,38.1,6.8,34.9,54.4,42820,58.2,15.3
155.6,16.7,343.3,31.9,14.3,33.6,6.6,48.9,65.2,53440,52.4,13.2
173.9,19.4,279.3,30.3,22.7,43.3,8.3,29.8,49.5,32580,47.1,8.8
206.1,18.4,429.4,37.5,18.3,38.8,9.6,42.8,63.0,41849,48.5,12.3
201.9,23.5,442.2,30.5,20.3,37.2,10.9,40.8,51.7,43091,54.4,10.8
187.7,21.2,427.3,34.8,17.9,37.9,7.7,39.6,54.5,38742,54.9,8.9
181.3,15.8,469.0,19.6,15.6,33.9,7.4,52.2,70.3,54458,50.1,20.2
174.2,20.2,423.0,38.8,18.1,37.7,3.4,42.7,58.9,38607,52.0,13.3
174.4,19.6,399.9,33.7,16.6,32.5,4.9,45.0,56.4,46427,50.0,9.9
215.4,21.6,464.5,45.0,18.6,39.9,12.6,38.5,54.2,43087,46.5,8.1
168.2,12.5,425.4,26.3,12.1,27.5,2.1,50.0,63.3,51733,56.5,15.9
180.8,17.9,481.0,43.2,13.5,35.2,6.1,54.3,69.8,44065,54.2,10.3
173.6,15.9,434.6,27.9,20.6,29.5,6.8,54.4,67.6,40386,58.9,19.0
209.2,17.3,444.5,39.3,19.2,36.8,4.5,46.5,63.1,37911,52.9,10.3
154.1,17.1,368.2,44.4,14.4,36.0,5.2,49.1,67.2,41652,59.2,12.9
150.0,18.1,398.7,36.2,15.6,34.0,6.3,55.0,68.3,44188,55.8,15.9
204.4,24.0,417.6,39.0,22.1,41.8,8.3,43.6,58.1,32662,51.6,8.2
188.9,17.2,453.1,29.1,16.5,29.7,7.6,54.0,66.0,46185,61.1,18.2
188.8,18.1,517.2,38.5,18.0,34.2,7.2,50.0,63.2,42088,56.6,12.8
203.7,21.3,425.7,41.3,20.7,42.3,11.7,33.6,50.2,36867,42.2,9.0
190.2,27.0,389.4,44.2,22.3,52.1,12.6,28.9,51.6,31025,39.3,7.5
174.4,13.3,437.7,44.4,11.6,29.4,4.2,61.5,76.1,50548,62.1,10.9
196.0,12.9,521.6,31.3,15.9,27.6,12.7,54.5,72.3,47227,36.1,15.8
205.2,16.8,369.8,48.5,11.6,34.9,6.2,50.4,67.7,51738,58.0,8.2
204.2,14.5,472.9,47.3,15.3,32.7,8.2,55.7,72.9,51986,55.5,9.2
205.8,16.6,445.9,39.4,16.3,34.7,5.5,53.3,70.9,41112,57.2,11.5
194.4,18.6,417.0,41.0,17.5,37.4,5.4,44.3,59.7,40267,57.9,10.1
162.7,16.3,494.3,34.6,14.2,35.9,5.5,52.2,70.1,49809,53.5,11.9
163.8,12.0,528.0,29.3,7.7,26.2,6.4,61.7,77.9,85886,61.0,18.7
198.4,19.7,534.1,41.6,14.6,39.3,9.5,50.0,68.5,47547,55.5,11.7
175.5,18.1,506.7,37.0,12.9,34.7,7.5,55.6,71.0,49191,58.1,12.3
194.0,21.9,524.2,33.2,18.8,43.6,11.5,41.1,59.3,40357,48.6,11.2
146.8,16.7,427.6,23.3,13.9,36.4,9.0,48.3,66.5,56797,53.9,19.1
181.1,16.0,457.8,27.9,16.4,36.2,11.4,44.4,66.6,43972,48.9,14.6
164.5,25.3,410.9,30.1,27.7,41.4,11.3,35.0,49.0,34109,53.3,7.3
191.8,22.5,424.7,27.5,19.5,35.1,13.1,45.8,60.7,44175,45.8,14.8
240.8,30.2,521.3,36.2,25.7,48.4,9.3,37.4,50.3,28341,43.8,4.7
176.0,14.7,496.0,20.6,19.8,26.4,6.9,60.1,72.4,48552,63.0,23.6
223.6,18.7,417.3,46.8,13.8,36.2,5.9,53.2,70.0,50358,54.3,7.2
196.4,21.5,500.9,42.5,18.5,36.7,8.1,46.7,59.2,41406,49.1,9.1
243.5,24.8,519.5,41.3,23.0,42.2,9.6,41.1,54.2,38038,48.1,5.9
233.2,20.6,564.5,44.6,18.3,37.7,6.6,50.3,65.2,43799,58.2,6.9
211.7,13.0,447.9,44.2,14.6,31.9,8.6,56.3,73.7,45168,56.1,9.0
185.8,15.1,396.8,42.6,11.1,29.0,6.4,60.3,73.6,54086,61.6,12.9
146.5,6.2,397.9,15.9,4.9,14.8,4.3,76.3,86.4,89861,70.1,35.5
172.2,18.4,422.9,36.4,16.8,36.9,9.2,50.5,68.3,47433,54.1,12.1
197.2,16.8,466.2,42.9,12.5,33.9,6.3,50.1,66.2,45232,56.3,9.0
168.5,11.0,428.7,22.3,24.0,21.6,6.9,64.6,76.6,43841,57.3,22.3
171.0,18.5,420.0,44.2,12.3,33.2,6.9,52.3,67.1,46945,57.9,10.6
200.8,15.3,490.3,41.6,11.5,29.2,7.3,58.0,72.2,54849,59.5,10.2
171.8,20.4,425.0,40.5,17.5,36.5,7.8,47.3,62.1,42056,48.6,9.1
197.1,13.4,444.2,42.8,13.5,28.2,7.3,58.2,73.9,49467,50.1,8.7
232.3,20.1,475.0,46.6,17.4,37.1,9.6,46.3,61.4,47606,52.8,6.5
192.3,17.8,479.0,42.6,13.8,31.6,7.7,55.0,67.7,47410,57.9,12.2
177.2,13.7,456.2,43.8,9.9,31.5,5.5,59.7,77.8,55925,59.7,12.4
202.8,20.1,477.6,38.6,17.8,36.8,9.0,45.0,59.8,40929,52.2,10.2
157.0,15.2,412.6,41.8,10.7,31.1,4.1,56.8,72.7,51182,61.9,11.8
142.4,15.5,428.5,42.1,12.4,35.2,6.0,52.9,72.2,45229,61.4,11.6
170.9,14.6,488.7,32.7,14.5,31.3,6.6,59.4,75.7,51331,62.8,17.9
132.6,8.7,438.9,21.1,6.2,19.3,2.6,74.0,85.2,79173,72.6,32.5
216.4,20.8,482.0,38.0,28.2,37.2,7.9,42.0,57.2,34010,35.5,6.9
183.9,24.8,493.1,33.6,28.6,37.4,5.8,37.9,47.9,36303,50.7,8.7
193.3,15.6,472.9,35.6,15.6,30.0,7.9,54.3,68.9,52082,56.7,12.5
186.4,22.6,463.6,41.5,30.2,38.4,12.2,43.4,56.9,36137,44.5,9.4
179.9,31.7,340.7,54.8,38.9,44.5,10.0,34.7,43.4,30264,19.5,4.0
155.8,18.4,422.8,29.4,15.0,30.9,7.1,53.0,65.8,47292,59.5,12.6
94.4,13.8,380.7,18.0,10.6,23.3,4.1,52.8,68.6,63490,70.8,30.6
137.4,15.0,420.4,27.5,15.5,28.7,5.6,55.8,70.0,51440,60.8,19.1
107.2,19.1,351.1,36.5,14.8,35.7,6.8,44.2,61.7,42907,46.9,11.3
160.5,14.0,447.3,34.8,15.7,33.9,3.3,50.3,68.5,42704,49.8,18.3
136.4,16.2,402.5,30.8,11.5,29.9,6.1,53.7,68.0,52428,60.9,15.3
142.6,18.4,435.5,33.7,18.2,44.3,6.1,36.8,63.2,37869,48.1,15.5
125.2,13.5,376.2,15.8,27.1,21.6,10.2,65.5,76.0,36065,56.7,23.3
165.4,16.5,471.4,28.9,14.5,31.1,5.9,49.1,65.0,44236,60.2,12.0
131.6,19.4,410.8,28.6,11.7,40.3,5.7,40.3,59.7,49380,53.1,21.1
172.2,19.2,486.3,39.4,13.1,36.8,7.6,52.2,70.1,52138,59.1,11.3
190.0,24.8,521.0,38.6,13.6,46.2,6.7,41.9,62.2,45709,57.7,11.1
201.4,21.7,489.0,37.2,12.2,40.1,7.4,51.5,68.1,49567,56.7,9.8
136.4,22.7,408.2,35.5,19.7,41.1,10.0,35.1,51.5,40010,46.7,10.9
191.7,21.4,478.8,35.7,17.8,33.9,8.3,45.5,56.1,43880,54.4,8.1
180.5,18.2,477.0,34.0,15.3,33.8,7.7,46.1,60.3,40994,49.1,10.1
139.4,13.6,417.0,27.4,9.5,28.8,8.0,56.0,73.7,66249,56.9,15.7
178.8,26.3,475.7,43.2,19.0,39.7,12.1,41.8,53.3,41348,49.6,6.7
213.2,14.7,493.1,34.3,13.5,27.4,7.9,54.8,67.6,51931,56.5,13.1
180.9,19.3,485.0,28.3,24.5,31.5,13.0,45.8,58.5,38887,51.8,14.2
227.2,21.3,534.0,39.9,19.7,34.9,8.7,46.9,59.0,45557,50.8,8.8
172.3,17.0,471.5,34.8,15.0,33.8,6.9,48.1,66.2,50295,53.8,13.9
190.0,19.3,504.8,27.7,21.9,34.9,11.0,46.4,62.4,41783,50.2,15.0
127.0,30.8,374.8,35.3,36.3,47.8,10.4,29.3,41.8,25807,43.9,7.1
214.9,24.9,475.8,42.2,26.2,38.7,9.8,40.1,52.0,34012,48.2,9.1
196.2,23.9,511.1,36.5,27.4,39.8,12.4,41.6,54.3,35555,47.2,10.0
148.8,7.4,453.5494221,21.2,4.8,17.0,3.8,76.6,87.5,88500,73.2,32.0
184.9,25.8,453.5494221,38.1,17.8,45.2,7.4,41.3,57.6,43674,53.2,11.1
164.1,19.6,453.5494221,36.7,12.5,39.0,4.9,51.7,70.3,47203,61.5,11.5
159.9,18.7,453.5494221,33.4,10.5,41.2,3.6,52.3,73.5,48179,61.1,14.6
177.7,18.9,453.5494221,31.8,14.7,40.6,7.1,48.9,69.6,48525,54.2,15.1
168.3,16.2,453.5494221,35.0,9.9,36.5,2.8,54.1,73.8,50372,60.3,16.8
163.0,15.3,453.5494221,35.1,11.5,29.5,5.3,62.4,76.7,53552,69.0,18.6
215.7,30.4,453.5494221,37.1,19.6,48.3,9.2,32.9,47.9,39926,56.2,9.8
148.2,13.3,453.5494221,37.4,9.6,32.1,4.7,58.3,76.8,54433,62.8,14.5
190.0,19.2,453.5494221,38.3,12.0,38.4,7.7,52.2,69.7,48434,58.4,10.0
169.5,18.8,453.5494221,38.6,11.8,37.6,5.8,53.0,71.3,50685,63.6,11.6
169.9,18.8,453.5494221,38.5,13.4,40.5,5.1,50.0,70.3,51597,57.9,12.4
174.2,17.6,453.5494221,36.0,9.3,33.9,3.0,58.4,75.5,50905,68.5,11.8
157.6,18.6,453.5494221,40.9,9.2,36.0,3.5,55.9,72.9,48188,65.8,11.8
176.5,15.1,453.5494221,37.5,11.3,35.0,5.0,55.4,76.2,54386,62.1,12.2
158.2,12.5,453.5494221,37.3,9.2,29.6,2.7,62.6,80.4,53838,69.1,14.2
147.2,18.4,453.5494221,37.1,17.8,37.3,5.1,49.5,66.1,43287,59.6,11.0
187.9,25.1,453.5494221,39.3,15.8,47.7,5.2,42.6,62.5,41909,54.2,8.8
212.3,29.2,470.0,35.9,32.9,46.4,11.3,33.3,46.8,32327,41.4,11.1
171.8,30.3,425.1,36.6,23.2,49.3,12.7,33.7,46.1,30668,44.0,7.4
208.7,18.3,355.2,38.1,25.6,39.8,17.1,42.1,56.3,30665,44.5,5.6
151.2,28.8,339.0,33.4,24.2,46.8,14.2,36.7,50.6,34548,43.9,8.3
191.4,25.7,466.5,34.4,22.4,43.9,11.7,41.7,55.1,34910,48.9,9.9
266.7,34.6,460.1,27.6,35.0,49.9,20.3,31.9,42.7,28647,46.2,12.6
205.1,28.6,461.3,36.8,26.5,44.7,13.7,37.9,50.5,31835,43.9,8.6
193.9,12.5,428.8,29.9,10.1,25.1,7.6,59.6,72.7,58479,64.3,15.7
224.6,38.7,560.5,40.7,34.9,55.5,15.7,30.2,40.3,26048,37.8,5.5
192.6,26.7,505.2,43.1,18.0,46.8,9.3,41.9,57.7,40312,50.8,6.7
216.7,27.7,531.7,37.9,24.7,43.8,12.4,40.6,53.3,34678,47.0,6.8
211.7,20.7,578.6,46.9,14.1,40.9,6.7,49.7,67.4,42892,49.8,4.9
206.8,22.1,538.0,40.3,16.9,39.2,7.7,45.0,60.1,41150,49.4,8.3
193.4,20.9,510.2,44.8,21.8,37.3,9.2,51.6,65.5,39089,50.7,8.1
206.3,20.6,536.1,38.8,17.6,38.0,11.5,49.6,66.0,43945,54.4,10.9
163.6,8.5,519.6,23.0,5.5,20.0,4.3,72.5,85.1,92097,60.5,24.1
263.1,41.4,493.7,34.6,45.1,59.3,8.8,26.6,35.9,23047,31.8,8.5
188.1,21.2,497.1,47.9,15.6,36.5,6.4,53.8,67.0,47023,56.2,7.2
292.5,29.8,630.4,40.7,26.7,46.2,8.3,40.7,52.9,32783,44.5,6.1
180.9,12.3,530.2,35.6,8.8,25.2,6.4,65.3,78.9,67437,62.6,12.7
183.7,24.4,453.4,41.9,19.3,39.6,8.5,38.5,52.5,40002,48.9,6.3
195.5,22.5,457.7,40.2,18.9,38.7,7.8,46.4,60.9,44119,49.7,6.1
180.2,16.6,463.0,41.6,19.7,33.9,6.1,53.0,68.7,39983,57.3,6.8
202.2,30.3,480.4,37.0,26.2,51.9,12.6,34.4,50.2,30619,39.9,4.4
198.3,19.8,463.7,42.7,18.9,35.9,5.7,44.4,59.6,43918,50.5,10.7
156.9,9.6,409.8,23.8,9.5,22.3,7.1,62.7,78.8,68067,58.1,21.6
169.3,13.1,453.6,31.6,12.5,25.4,7.0,60.8,73.5,60809,60.7,18.0
197.9,23.4,468.9,35.6,19.9,38.3,11.0,45.6,57.5,43111,48.0,8.4
179.0,15.4,473.3,29.0,11.8,30.3,8.5,54.2,67.7,57491,53.3,19.6
126.4,24.9,538.1,36.2,27.1,35.9,10.1,31.4,40.2,34444,53.7,6.5
201.7,13.0,492.0,38.2,11.0,23.5,6.0,59.0,70.2,61195,61.1,11.5
194.4,27.5,444.5,37.9,26.6,41.8,10.3,38.5,52.1,33293,48.6,10.3
202.2,23.1,491.6,37.1,20.6,45.3,10.2,39.9,59.0,34553,47.0,6.8
174.0,26.4,388.5,42.8,24.9,39.7,7.9,38.1,49.6,36642,49.5,8.2
213.5,24.8,403.2,39.2,26.5,36.7,7.3,32.9,40.5,31740,54.9,5.2
138.7,18.2,433.0,45.5,16.9,33.4,8.5,47.2,61.1,46018,53.8,7.2
180.7,22.0,426.9,38.0,26.7,37.8,13.8,34.6,49.2,35078,43.0,7.2
162.6,19.3,393.3,44.8,23.2,37.7,4.8,48.2,64.4,40454,42.9,9.7
210.8,25.8,411.4,45.6,21.7,39.4,10.9,32.8,43.9,36865,47.5,4.7
159.3,25.6,469.0,38.0,28.8,42.8,17.0,33.7,48.4,32903,45.4,9.0
208.9,14.6,490.5,27.6,11.9,26.0,9.0,54.6,70.8,66556,57.9,20.4
162.8,25.4,488.6,38.6,38.5,42.4,7.7,34.4,45.2,30760,37.1,6.0
164.7,12.4,437.1,21.3,14.2,27.3,8.5,57.4,74.3,58833,59.0,24.7
189.8,19.7,460.0,34.5,20.2,40.2,9.9,45.7,64.9,37707,46.8,7.4
200.5,23.5,454.4,34.4,21.3,43.2,9.0,43.5,61.1,36779,47.8,11.3
126.3,9.3,413.3,27.7,9.8,24.4,3.0,47.6,60.4,67260,66.8,24.0
168.1,14.5,441.4,33.1,11.5,29.2,9.4,46.8,60.7,62532,56.3,14.5
205.0,14.4,477.3,32.8,12.4,28.3,7.9,49.9,64.7,57776,61.2,15.7
206.6,25.4,475.1,40.1,25.7,36.6,18.2,25.1,32.0,36708,49.2,7.4
142.1,38.8,269.9,33.4,33.1,50.8,18.2,24.7,31.5,32366,34.5,6.9
191.2,20.3,432.6,36.4,18.6,43.3,7.9,45.6,66.3,38013,47.8,7.9
161.2,14.7,364.5,37.5,10.3,29.5,10.0,54.5,69.6,59416,49.7,8.2
126.1,31.3,332.0,36.6,22.8,62.2,11.2,23.7,50.3,32533,37.0,6.4
132.8,27.9,296.2,25.3,23.6,44.6,11.3,32.7,49.5,37465,49.1,14.6
205.4,29.4,422.5,41.8,23.8,44.1,11.0,39.8,53.1,33644,47.3,6.7
193.6,31.1,445.3,39.1,30.1,46.2,13.9,36.0,47.1,32283,46.9,10.7
185.1,21.5,426.3,34.9,19.4,39.3,10.2,47.5,63.4,42000,51.9,10.7
165.3,17.4,470.4,32.0,19.5,31.1,9.2,54.8,67.6,41375,51.3,13.1
160.1,22.1,383.0,39.2,20.6,38.6,9.0,39.5,54.7,42286,50.6,8.8
185.8,15.2,448.5,27.8,14.6,27.6,8.9,58.9,71.0,54196,60.3,20.0
162.6,10.9,459.6,33.9,10.5,26.6,1.8,65.3,81.2,57148,64.5,15.6
187.8,17.6,515.1,31.0,17.0,42.9,4.1,44.2,67.4,42007,51.2,16.5
169.4,20.0,521.9,38.6,18.3,43.2,2.1,45.5,66.0,36836,59.7,13.6
136.6,20.7,468.1,36.5,24.9,34.7,7.4,43.4,55.0,40639,60.1,13.4
209.6,13.0,426.4,37.6,15.2,33.9,4.5,52.9,72.1,39936,61.5,13.4
159.7,14.2,542.1,34.7,8.8,29.3,1.4,59.4,74.6,67172,72.4,15.5
162.1,20.7,410.9,34.7,19.9,37.9,2.1,46.5,63.7,40545,65.4,17.5
238.4,25.8,533.9,46.1,21.4,45.7,14.3,37.6,54.5,34382,43.3,6.2
194.0,21.2,472.8,39.2,16.8,39.1,8.8,46.3,62.1,45235,51.8,11.7
184.3,22.9,430.1,40.4,19.0,39.5,7.4,42.9,56.4,37853,50.8,9.0
180.1,17.4,506.6,36.4,11.8,34.4,5.4,56.0,73.4,52578,64.1,14.7
196.0,23.1,525.6,32.8,19.5,42.0,9.2,47.3,63.8,43073,53.3,10.2
156.6,18.3,446.2,23.5,10.7,28.2,7.6,58.7,68.4,72131,64.3,20.4
160.0,15.0,463.3,21.3,9.5,25.3,7.9,63.0,73.8,78001,62.4,25.6
191.3,19.4,519.9,37.5,13.6,35.8,9.8,53.3,69.5,51205,56.9,10.9
168.5,12.6,472.1,25.7,14.3,24.3,5.5,65.6,80.4,60460,65.3,30.1
185.1,18.7,495.6,37.3,12.9,38.0,9.6,52.4,70.7,48544,55.7,12.2
168.0,15.5,433.2,33.7,11.4,31.3,8.0,59.2,75.0,57126,60.0,12.9
176.0,22.5,458.2,43.0,15.2,40.5,5.6,47.8,63.9,39005,55.6,11.5
185.5,18.6,515.2,28.1,15.3,34.7,7.9,55.8,72.3,55371,60.8,20.9
176.4,13.3,490.7,27.0,8.1,23.2,7.8,67.1,77.6,75176,64.0,21.2
191.5,22.9,466.6,33.3,16.9,38.4,11.5,49.8,64.4,47708,57.4,14.0
190.7,16.6,426.9,37.9,12.9,36.0,6.2,48.9,66.7,52582,56.8,11.1
189.8,13.9,466.8,34.0,10.6,28.8,6.8,57.1,70.9,52050,61.0,14.2
185.8,15.4,464.7,40.6,10.1,30.4,7.5,54.4,68.5,51911,59.3,11.4
170.1,19.1,442.7,36.9,13.9,30.8,7.4,48.6,59.8,50192,60.5,12.3
222.5,22.5,439.1,42.8,16.4,39.6,12.1,43.5,57.2,40122,48.7,6.7
160.2,16.8,426.9,34.6,11.3,34.3,4.6,53.7,69.2,47342,61.9,12.1
151.3,20.1,467.8,39.5,14.4,39.6,5.1,50.0,68.2,45522,60.3,12.6
165.3,17.5,488.4,38.1,12.1,37.5,4.2,53.3,72.7,51045,60.0,11.8
186.9,17.6,506.1,35.7,13.2,38.7,5.6,54.7,75.1,49125,61.0,14.1
171.3,13.9,492.1,36.4,8.4,33.2,1.5,60.4,79.4,57682,63.7,13.2
183.1,18.2,484.9,37.3,13.3,38.1,5.1,53.0,71.8,50347,56.1,14.6
165.8,15.2,465.5,44.0,12.1,36.1,3.4,54.3,74.4,49837,63.5,7.9
181.7,14.8,466.2,39.7,11.2,34.0,5.4,57.3,76.1,52750,58.3,14.5
148.0,15.6,475.6,37.3,11.1,32.7,4.8,57.6,75.0,50924,63.1,9.7
176.6,12.7,471.0,35.7,11.1,30.4,4.0,63.7,81.2,57046,65.3,17.5
180.9,19.1,467.0,32.9,13.0,37.4,6.3,52.3,70.8,50244,60.9,13.9
174.1,13.3,456.2,39.3,10.8,33.3,4.0,57.4,77.6,49513,63.3,14.9
185.1,14.8,501.4,28.3,12.2,29.9,5.4,60.1,75.2,54959,62.3,20.4
173.4,16.8,431.6,40.0,12.8,37.4,5.4,51.6,71.4,44905,64.1,11.5
160.4,15.8,479.6,35.8,10.2,33.7,4.2,54.4,71.7,56243,65.9,14.0
150.9,18.1,398.5,43.5,16.7,41.9,4.3,42.9,65.1,42006,55.6,9.9
163.3,11.1,446.6,35.1,10.4,32.2,6.2,60.9,82.0,50703,60.8,15.8
138.4,9.7,431.4,35.1,9.4,25.6,3.0,67.0,83.5,55984,70.3,16.4
174.8,16.9,453.5494221,39.1,14.3,37.6,5.9,45.5,67.7,45368,59.0,10.5
194.2,20.1,453.5494221,36.1,16.4,43.2,5.1,41.3,62.5,39120,52.7,13.2
169.2,12.2,453.5494221,33.7,10.9,33.8,1.9,57.4,80.2,53131,63.2,16.0
209.6,9.2,453.5494221,28.4,11.4,32.2,5.4,52.7,74.6,45353,63.2,17.2
184.4,17.4,453.5494221,30.5,15.0,34.4,7.0,52.3,69.0,45180,55.4,12.7
150.1,17.7,453.5494221,23.1,18.8,28.8,4.6,53.3,64.5,48609,70.1,12.4
153.9,16.8,453.5494221,23.0,15.0,26.6,6.4,52.6,62.0,51144,64.8,12.8
213.6,12.6,453.5494221,29.8,13.9,25.1,9.2,60.3,76.1,41193,48.8,13.7
